id,filename_masked,content-type,hidden,mime_class,media_entry_id,category
4ddd0c7b98c54bd1745ee38778c6ec5b,file016.pdf,application/pdf,FALSE,pdf,,uncategorized
4ebde2ecce47a0f01ade2ad63bb22eec,image018.png,image/png,FALSE,image,,uncategorized
d7eb139c1e154130f23d54bb0065753e,image019.png,image/png,FALSE,image,,uncategorized
b22a9119e77a2dae0aeed4f0792cdc8a,file012.pdf,application/pdf,FALSE,pdf,,uncategorized
75e5fb5b794e8fdbef25ad94b0e985c7,image029.png,image/png,FALSE,image,,uncategorized
a4c9f8459c12a278b7fcef9bc176864d,image031.png,image/png,FALSE,image,,uncategorized
d18cae1491d6945284f7c585af86cdf3,image032.png,image/png,FALSE,image,,uncategorized
fe144cd19bcc7f23ad686764b0204e42,image006.jpg,image/jpeg,FALSE,image,,uncategorized
1e9e99a73122525949179548cbd6db33,image007.jpg,image/jpeg,FALSE,image,,uncategorized
a9198b6598282ee0e79471f76b403ff6,image033.png,image/png,FALSE,image,,uncategorized
e699f5bc45d3a399978d08ee8c7b0dd2,image034.png,image/png,FALSE,image,,uncategorized
1af0c52e583c466712e481dee5ce823d,image035.png,image/png,FALSE,image,,uncategorized
c5bca09eacc539286029526416140d95,image014.png,image/png,FALSE,image,,uncategorized
76f36ae12bae42dea04a7a261e398d73,image012.png,image/png,FALSE,image,,uncategorized
b95848c2938c71bf7615121395edcde6,image003.png,image/png,FALSE,image,,uncategorized
09e7157b54d1ce6bc87eae42ef4416c0,image036.png,image/png,FALSE,image,,uncategorized
7b8bc1746dfd1313de6b03ab0bd1061a,image005.png,image/png,FALSE,image,,uncategorized
aa6bffb0a91e4f737a943dfddad70a7b,image006.png,image/png,FALSE,image,,uncategorized
8fcda9674680cd5edb773f3a362cc7a6,image008.png,image/png,FALSE,image,,uncategorized
5eed6169f3bb3888896580bd10535b11,image037.png,image/png,FALSE,image,,uncategorized
2068d0126a7564164a385c996db5eb96,image038.png,image/png,FALSE,image,,uncategorized
948d61de4855316ddbd9c9ac4eb635c0,image015.png,image/png,FALSE,image,,uncategorized
7cdcc2443b6b4c7365b3296f7c64c609,image008.jpg,image/jpeg,FALSE,image,,uncategorized
2b51194cc04176e46fa9920ea72ce989,image026.png,image/png,FALSE,image,,uncategorized
769b2507c318c03c03ebb1a9326758ea,file017.pdf,application/pdf,FALSE,pdf,,uncategorized
ae93ee47299d919d196a3c558782b4f4,image002.jpg,image/jpeg,FALSE,image,,uncategorized
071ad0d80cbc232cf74b72681bc77abf,image004.jpg,image/jpeg,FALSE,image,,uncategorized
6ed3d8358a0e6d31bcb16f9138edb924,image005.jpg,image/jpeg,FALSE,image,,uncategorized
81ef3fc09467d9d660773faa49b6c17b,image002.png,image/png,FALSE,image,,uncategorized
260c2edf97ae5e6dcd5f97354f079bdd,image004.png,image/png,FALSE,image,,uncategorized
5a764dcd07eec789dd33d1656b64c074,image001.png,image/png,FALSE,image,,uncategorized
af99ce94e28406bdeddee255c2946d9d,image039.png,image/png,FALSE,image,,uncategorized
7d68df039b8c7c649c9fa1780182e3eb,image028.png,image/png,FALSE,image,,uncategorized
2bd3171fddb0666157e173116270cd55,file014.pdf,application/pdf,FALSE,pdf,,uncategorized
e8210024c6225f2fb46f2fafc5683e42,image001.jpg,image/jpeg,FALSE,image,,uncategorized
e62fb1cf14d22a436cc48019d4d237a1,image003.jpg,image/jpeg,FALSE,image,,uncategorized
a2bba53e41eab08823a8e2ba2a6955ef,file002.pdf,application/pdf,FALSE,pdf,,uncategorized
f0e3c8189b35b17743f6d9285dc48026,zip001.zip,application/zip,FALSE,zip,,uncategorized
489aa1f05cdee4b3e4545066d11b82c0,image040.png,image/png,FALSE,image,,uncategorized
f7637e9b1dc8c7aeb471358c752a5508,image017.png,image/png,FALSE,image,,uncategorized
eeb0e1bcb2a68266f7d251f926f8714d,image041.png,image/png,FALSE,image,,uncategorized
f22eabe773409ebcf7016bd1aeb37b59,image042.png,image/png,FALSE,image,,uncategorized
474be12da4c824f65719382fc4f546a5,image043.png,image/png,FALSE,image,,uncategorized
0e377154922b37ebb574b3ebd79f3cb7,image024.png,image/png,FALSE,image,,uncategorized
291be638f0b85f05f7d7a555ecbbb3ba,image044.png,image/png,FALSE,image,,uncategorized
45a80de6e0891f1807f75304120b88c6,image016.png,image/png,FALSE,image,,uncategorized
ded4a72e7c13e4c90e81f1dd5a6b39f7,image023.png,image/png,FALSE,image,,uncategorized
f9f4d1c3b82b7eba9b7b8fe66d8a1e63,image021.png,image/png,FALSE,image,,uncategorized
316041836346f43f793943de3784431a,image022.png,image/png,FALSE,image,,uncategorized
653249c64914f26409cda84315e0e49e,image025.png,image/png,FALSE,image,,uncategorized
36798fbfa66b1d998d228a48c8f37107,image045.png,image/png,FALSE,image,,uncategorized
62c20a694734f5a7cd666e79f5051448,image027.png,image/png,FALSE,image,,uncategorized
37b09086c44ef89b3c8e1336cc10fe62,file009.pdf,application/pdf,FALSE,pdf,,uncategorized
9dee3745ead93ae95cab79eaa17b6732,image030.png,image/png,FALSE,image,,uncategorized
9383eebd9a062f53a1b884a94b27c558,image005.jpg,image/jpeg,FALSE,image,,uncategorized
c26d026ab9a7c2b418fc159053a9a4ba,image007.png,image/png,FALSE,image,,uncategorized
8ce33c40a1eee2e96430e2cb5f458e18,file008.pdf,application/pdf,FALSE,pdf,,uncategorized
c719c68d3f3a97aba7ba82141796a79b,file007.pdf,application/pdf,FALSE,pdf,,uncategorized
3fd8425703c68a9eef954d401b0f7198,file004.pdf,application/pdf,FALSE,pdf,,uncategorized
0878d2f171deae54c6a81acc6ffeba20,file003.pdf,application/pdf,FALSE,pdf,,uncategorized
9db3a0a2856a309087be7a7b0a9efc31,image009.png,image/png,FALSE,image,,uncategorized
4cbd0430b37cb104735fd90fcda5105b,image013.png,image/png,FALSE,image,,uncategorized
3b056daae90e19d3158163def926452d,image010.png,image/png,FALSE,image,,uncategorized
deeda0d44f021b0bb3804de3cb4f9984,image020.png,image/png,FALSE,image,,uncategorized
5f73fd87c25257fee07b4a6acad3b127,file015.pdf,application/pdf,FALSE,pdf,,uncategorized
80ddbdd71dc78f46b32ed3fc7a41c148,file005.pdf,application/pdf,FALSE,pdf,,uncategorized
c3def3981332e899bd62b445f4409e0b,file011.pdf,application/pdf,FALSE,pdf,,uncategorized
71f7bb7fa280f63010449c882c04ad42,image011.png,image/png,FALSE,image,,uncategorized
e96b22d77d82abc0e36b8c2048af6d0e,file006.pdf,application/pdf,TRUE,pdf,,uncategorized
b70f93691abf33b866a6b629f1a363e2,image004.jpg,image/jpeg,TRUE,image,,uncategorized
30d3725139f8407bd1ac65bcde0f2add,image046.png,image/png,TRUE,image,,uncategorized
f4abf9256269b3138e231319d4e848c7,image005.jpg,image/jpeg,TRUE,image,,uncategorized
616f1e46bcc45de5fef46efddf2a4a4d,image047.png,image/png,TRUE,image,,uncategorized
a310dab8d59ce2d515b6450236c0ae88,file001.pdf,application/pdf,TRUE,pdf,,uncategorized
490eebab7377f4ad86996e35b9c5ce55,file013.pdf,application/pdf,TRUE,pdf,,uncategorized
fd03c31b9d4dca17436100f8e37bb0b2,image004.jpg,image/jpeg,TRUE,image,,uncategorized
6ff09aba3e7ff346f2075f8311e7636e,file010.pdf,application/pdf,TRUE,pdf,,uncategorized
3d8c50642d188561057245227629b338,image048.png,image/png,TRUE,image,,uncategorized
91e6a94d004b400eb47fd4c075f387a8,image049.png,image/png,TRUE,image,,uncategorized
264d5b34b550af367396f2c54837e69f,image005.jpg,image/jpeg,TRUE,image,,uncategorized