Column1,type,action,event_time,session_id,membership_role,membership_type,event__id,event__type,event__actor_type,event__action,event__object_type,event__object_name,event__object_extensions_asset_type,event__object_extensions_http_method,event__eventTime,event__edApp_type,event__session_type,object_id_type,event__object_id_type,event__attachment_type,object_id,event__object_extensions_asset_name,actor_id
3986,NavigationEvent,navigatedto,2033-02-26 11:25:45.864000+00:00,0027bcfe4f55d2bb48ff97a6b0cc7e04,"[""Learner""]",Membership,d275330585d9f1ddd512a7fa5e97a13b,NavigationEvent,Person,NavigatedTo,Page,,wiki_page,GET,2033-02-26 11:25:45.864000+00:00,SoftwareApplication,Session,wikiPage,wikiPage,,fa74bf473e9a758f51f5bd0259d4ff5a,4.4 The elements of a strategic plan,LEARNER_3
3988,NavigationEvent,navigatedto,2033-02-26 07:43:51.296000+00:00,0027bcfe4f55d2bb48ff97a6b0cc7e04,"[""Learner""]",Membership,b407b3d21f87d187333aa04ae7a1e0c3,NavigationEvent,Person,NavigatedTo,Page,,wiki_page,GET,2033-02-26 07:43:51.296000+00:00,SoftwareApplication,Session,wikiPage,wikiPage,,fa74bf473e9a758f51f5bd0259d4ff5a,4.4 The elements of a strategic plan,LEARNER_3
3990,NavigationEvent,navigatedto,2033-02-26 13:51:39.897000+00:00,0027bcfe4f55d2bb48ff97a6b0cc7e04,"[""Learner""]",Membership,c763a3a469e781e9ed95348be26b3228,NavigationEvent,Person,NavigatedTo,Page,,wiki_page,GET,2033-02-26 13:51:39.897000+00:00,SoftwareApplication,Session,wikiPage,wikiPage,,fa74bf473e9a758f51f5bd0259d4ff5a,4.4 The elements of a strategic plan,LEARNER_3
3993,NavigationEvent,navigatedto,2033-02-26 02:49:15.200000+00:00,0027bcfe4f55d2bb48ff97a6b0cc7e04,"[""Learner""]",Membership,9ba8b1868a3c795ef8cbc42c2391c249,NavigationEvent,Person,NavigatedTo,Thread,,discussion_topic,GET,2033-02-26 02:49:15.200000+00:00,SoftwareApplication,Session,discussion,discussion,,2cb69a45828f6ad46c1975d35822ce4d,Assignment 2 Discussion forum,LEARNER_3
3994,NavigationEvent,navigatedto,2033-02-26 06:44:58.212000+00:00,0027bcfe4f55d2bb48ff97a6b0cc7e04,"[""Learner""]",Membership,2dfd32c310b7100bc1ac493f2e9f140c,NavigationEvent,Person,NavigatedTo,Thread,,discussion_topic,GET,2033-02-26 06:44:58.212000+00:00,SoftwareApplication,Session,discussion,discussion,,2cb69a45828f6ad46c1975d35822ce4d,Assignment 2 Discussion forum,LEARNER_3
3995,NavigationEvent,navigatedto,2033-02-25 07:43:01.653000+00:00,0027bcfe4f55d2bb48ff97a6b0cc7e04,"[""Learner""]",Membership,938e5c37ab2ef228f6e99cdbb02ead66,NavigationEvent,Person,NavigatedTo,Thread,,discussion_topic,GET,2033-02-25 07:43:01.653000+00:00,SoftwareApplication,Session,discussion,discussion,,2cb69a45828f6ad46c1975d35822ce4d,Assignment 2 Discussion forum,LEARNER_3
3998,NavigationEvent,navigatedto,2033-02-26 11:20:02.673000+00:00,0027bcfe4f55d2bb48ff97a6b0cc7e04,"[""Learner""]",Membership,f1d3f8fcbfe81561c88679901facf59d,NavigationEvent,Person,NavigatedTo,Thread,,discussion_topic,GET,2033-02-26 11:20:02.673000+00:00,SoftwareApplication,Session,discussion,discussion,,2cb69a45828f6ad46c1975d35822ce4d,Assignment 2 Discussion forum,LEARNER_3
4000,NavigationEvent,navigatedto,2033-02-25 05:05:23.995000+00:00,0027bcfe4f55d2bb48ff97a6b0cc7e04,"[""Learner""]",Membership,a7e4899557f2d94acb0976d29bb9cfe7,NavigationEvent,Person,NavigatedTo,Thread,,discussion_topic,GET,2033-02-25 05:05:23.995000+00:00,SoftwareApplication,Session,discussion,discussion,,2cb69a45828f6ad46c1975d35822ce4d,Assignment 2 Discussion forum,LEARNER_3
4002,NavigationEvent,navigatedto,2033-02-25 13:23:17.435000+00:00,0027bcfe4f55d2bb48ff97a6b0cc7e04,"[""Learner""]",Membership,88779fd77e747eb67f93d5bc41652eff,NavigationEvent,Person,NavigatedTo,Thread,,discussion_topic,GET,2033-02-25 13:23:17.435000+00:00,SoftwareApplication,Session,discussion,discussion,,2cb69a45828f6ad46c1975d35822ce4d,Assignment 2 Discussion forum,LEARNER_3
4031,NavigationEvent,navigatedto,2033-02-26 07:34:00.329000+00:00,0027bcfe4f55d2bb48ff97a6b0cc7e04,"[""Learner""]",Membership,5db77f677724d5fe400ecc2f5613f626,NavigationEvent,Person,NavigatedTo,Page,,wiki_page,GET,2033-02-26 07:34:00.329000+00:00,SoftwareApplication,Session,wikiPage,wikiPage,,25750f55fd98a27d4a710edd4903986b,4.2 Readings & resources,LEARNER_3
4044,NavigationEvent,navigatedto,2033-02-26 11:24:02.008000+00:00,0027bcfe4f55d2bb48ff97a6b0cc7e04,"[""Learner""]",Membership,741542854adac75d693b9045e5d60080,NavigationEvent,Person,NavigatedTo,Page,,wiki_page,GET,2033-02-26 11:24:02.008000+00:00,SoftwareApplication,Session,wikiPage,wikiPage,,b0ed6ea496686db942cfc5f59c6dc28e,4.3 Strategic planning for eLearning,LEARNER_3
4046,NavigationEvent,navigatedto,2033-02-26 07:34:47.875000+00:00,0027bcfe4f55d2bb48ff97a6b0cc7e04,"[""Learner""]",Membership,9e7f485366293f29f3ac8b99979681b6,NavigationEvent,Person,NavigatedTo,Page,,wiki_page,GET,2033-02-26 07:34:47.875000+00:00,SoftwareApplication,Session,wikiPage,wikiPage,,b0ed6ea496686db942cfc5f59c6dc28e,4.3 Strategic planning for eLearning,LEARNER_3
4047,NavigationEvent,navigatedto,2033-02-26 07:43:47.380000+00:00,0027bcfe4f55d2bb48ff97a6b0cc7e04,"[""Learner""]",Membership,c2b62f58646181a75b21995754d796c6,NavigationEvent,Person,NavigatedTo,Page,,wiki_page,GET,2033-02-26 07:43:47.380000+00:00,SoftwareApplication,Session,wikiPage,wikiPage,,b0ed6ea496686db942cfc5f59c6dc28e,4.3 Strategic planning for eLearning,LEARNER_3
4069,NavigationEvent,navigatedto,2033-02-26 11:24:02.890000+00:00,0027bcfe4f55d2bb48ff97a6b0cc7e04,"[""Learner""]",Membership,768410cfd79f593c42462cf320e344cc,NavigationEvent,Person,NavigatedTo,Entity,attachment,attachment,GET,2033-02-26 11:24:02.890000+00:00,SoftwareApplication,Session,attachment,attachment,png,b95848c2938c71bf7615121395edcde6,image003.png,LEARNER_3
4081,NavigationEvent,navigatedto,2033-02-26 07:34:48.704000+00:00,0027bcfe4f55d2bb48ff97a6b0cc7e04,"[""Learner""]",Membership,eb9c8e0b539279aec8ef191451598d74,NavigationEvent,Person,NavigatedTo,Entity,attachment,attachment,GET,2033-02-26 07:34:48.704000+00:00,SoftwareApplication,Session,attachment,attachment,png,b95848c2938c71bf7615121395edcde6,image003.png,LEARNER_3
4082,NavigationEvent,navigatedto,2033-02-26 07:43:47.976000+00:00,0027bcfe4f55d2bb48ff97a6b0cc7e04,"[""Learner""]",Membership,5e934ae5b3a50db25df37f57264e0974,NavigationEvent,Person,NavigatedTo,Entity,attachment,attachment,GET,2033-02-26 07:43:47.976000+00:00,SoftwareApplication,Session,attachment,attachment,png,b95848c2938c71bf7615121395edcde6,image003.png,LEARNER_3
4083,NavigationEvent,navigatedto,2033-02-26 13:45:22.442000+00:00,0027bcfe4f55d2bb48ff97a6b0cc7e04,"[""Learner""]",Membership,83b5080802137d0618755ae514ac19b5,NavigationEvent,Person,NavigatedTo,Entity,attachment,attachment,GET,2033-02-26 13:45:22.442000+00:00,SoftwareApplication,Session,attachment,attachment,png,b95848c2938c71bf7615121395edcde6,image003.png,LEARNER_3
4084,NavigationEvent,navigatedto,2033-02-26 13:45:19.008000+00:00,0027bcfe4f55d2bb48ff97a6b0cc7e04,"[""Learner""]",Membership,9e8eac44a9be03c1cc792ed1b397d3e1,NavigationEvent,Person,NavigatedTo,Entity,attachment,attachment,GET,2033-02-26 13:45:19.008000+00:00,SoftwareApplication,Session,attachment,attachment,png,b95848c2938c71bf7615121395edcde6,image003.png,LEARNER_3
4101,NavigationEvent,navigatedto,2033-02-26 04:12:33.030000+00:00,0027bcfe4f55d2bb48ff97a6b0cc7e04,"[""Learner""]",Membership,9c07e61a9f28f141589d06fe0f6fbe2f,NavigationEvent,Person,NavigatedTo,Entity,attachment,attachment,GET,2033-02-26 04:12:33.030000+00:00,SoftwareApplication,Session,attachment,attachment,png,b95848c2938c71bf7615121395edcde6,image003.png,LEARNER_3
4127,NavigationEvent,navigatedto,2033-02-26 08:06:51.336000+00:00,0027bcfe4f55d2bb48ff97a6b0cc7e04,"[""Learner""]",Membership,e1a602b656f2087fdd9e1130e9bc74f6,NavigationEvent,Person,NavigatedTo,Entity,attachment,attachment,GET,2033-02-26 08:06:51.336000+00:00,SoftwareApplication,Session,attachment,attachment,png,b95848c2938c71bf7615121395edcde6,image003.png,LEARNER_3
4128,NavigationEvent,navigatedto,2033-02-26 08:16:16.469000+00:00,0027bcfe4f55d2bb48ff97a6b0cc7e04,"[""Learner""]",Membership,4832561474e8c3ab8148a6eaf716e471,NavigationEvent,Person,NavigatedTo,Entity,attachment,attachment,GET,2033-02-26 08:16:16.469000+00:00,SoftwareApplication,Session,attachment,attachment,png,b95848c2938c71bf7615121395edcde6,image003.png,LEARNER_3
4129,NavigationEvent,navigatedto,2033-02-26 08:16:24.233000+00:00,0027bcfe4f55d2bb48ff97a6b0cc7e04,"[""Learner""]",Membership,400884ca765097d86906f3819b0d47ab,NavigationEvent,Person,NavigatedTo,Entity,attachment,attachment,GET,2033-02-26 08:16:24.233000+00:00,SoftwareApplication,Session,attachment,attachment,png,b95848c2938c71bf7615121395edcde6,image003.png,LEARNER_3
4130,NavigationEvent,navigatedto,2033-02-26 08:10:12.606000+00:00,0027bcfe4f55d2bb48ff97a6b0cc7e04,"[""Learner""]",Membership,2aef9990ab698cb374ead48a795a5952,NavigationEvent,Person,NavigatedTo,Entity,attachment,attachment,GET,2033-02-26 08:10:12.606000+00:00,SoftwareApplication,Session,attachment,attachment,png,b95848c2938c71bf7615121395edcde6,image003.png,LEARNER_3
4131,NavigationEvent,navigatedto,2033-02-26 08:18:00.412000+00:00,0027bcfe4f55d2bb48ff97a6b0cc7e04,"[""Learner""]",Membership,147111905d8670804faa8f7e7f812568,NavigationEvent,Person,NavigatedTo,Entity,attachment,attachment,GET,2033-02-26 08:18:00.412000+00:00,SoftwareApplication,Session,attachment,attachment,png,b95848c2938c71bf7615121395edcde6,image003.png,LEARNER_3
4132,NavigationEvent,navigatedto,2033-02-26 08:18:03.930000+00:00,0027bcfe4f55d2bb48ff97a6b0cc7e04,"[""Learner""]",Membership,e50db0f00fe4e3e85c805feea8ecb8f5,NavigationEvent,Person,NavigatedTo,Entity,attachment,attachment,GET,2033-02-26 08:18:03.930000+00:00,SoftwareApplication,Session,attachment,attachment,png,b95848c2938c71bf7615121395edcde6,image003.png,LEARNER_3
4148,NavigationEvent,navigatedto,2033-02-26 07:30:22.268000+00:00,0027bcfe4f55d2bb48ff97a6b0cc7e04,"[""Learner""]",Membership,4f9bf0ed712fa44c7a9cc96272686d76,NavigationEvent,Person,NavigatedTo,Page,,wiki_page,GET,2033-02-26 07:30:22.268000+00:00,SoftwareApplication,Session,wikiPage,wikiPage,,7c021239a168ebf0a2983f1109bf8252,4.1 Overview,LEARNER_3
4204,NavigationEvent,navigatedto,2033-02-26 11:26:55.996000+00:00,0027bcfe4f55d2bb48ff97a6b0cc7e04,"[""Learner""]",Membership,f7da8caf26003a4c849dde287beee7b8,NavigationEvent,Person,NavigatedTo,Entity,attachment,attachment,GET,2033-02-26 11:26:55.996000+00:00,SoftwareApplication,Session,attachment,attachment,png,948d61de4855316ddbd9c9ac4eb635c0,image015.png,LEARNER_3
4211,NavigationEvent,navigatedto,2033-02-26 07:53:38.515000+00:00,0027bcfe4f55d2bb48ff97a6b0cc7e04,"[""Learner""]",Membership,774138bf7f6220acf8cacb88ee6a9aad,NavigationEvent,Person,NavigatedTo,Entity,attachment,attachment,GET,2033-02-26 07:53:38.515000+00:00,SoftwareApplication,Session,attachment,attachment,png,948d61de4855316ddbd9c9ac4eb635c0,image015.png,LEARNER_3
4243,NavigationEvent,navigatedto,2033-02-26 04:12:27.815000+00:00,0027bcfe4f55d2bb48ff97a6b0cc7e04,"[""Learner""]",Membership,8b73fd9e3324df58c726610aa0b2555b,NavigationEvent,Person,NavigatedTo,Page,,wiki_page,GET,2033-02-26 04:12:27.815000+00:00,SoftwareApplication,Session,wikiPage,wikiPage,,a76e70b9e4ea19ad46922e403ee4d363,3.5 Organizational models,LEARNER_3
4244,NavigationEvent,navigatedto,2033-02-26 04:12:35.180000+00:00,0027bcfe4f55d2bb48ff97a6b0cc7e04,"[""Learner""]",Membership,fa06bd4219d8631d1067cd1310ba8720,NavigationEvent,Person,NavigatedTo,Page,,wiki_page,GET,2033-02-26 04:12:35.180000+00:00,SoftwareApplication,Session,wikiPage,wikiPage,,a76e70b9e4ea19ad46922e403ee4d363,3.5 Organizational models,LEARNER_3
4255,NavigationEvent,navigatedto,2033-02-26 04:12:22.873000+00:00,0027bcfe4f55d2bb48ff97a6b0cc7e04,"[""Learner""]",Membership,f4c19d6ea78236fb599bad5339656403,NavigationEvent,Person,NavigatedTo,Page,,wiki_page,GET,2033-02-26 04:12:22.873000+00:00,SoftwareApplication,Session,wikiPage,wikiPage,,882ad46e31786c8e7f3acb6d7657bfc6,3.4 Organizational structure & governance,LEARNER_3
4256,NavigationEvent,navigatedto,2033-02-26 04:12:37.444000+00:00,0027bcfe4f55d2bb48ff97a6b0cc7e04,"[""Learner""]",Membership,c1b14ad562f1aab3c235851da84cf684,NavigationEvent,Person,NavigatedTo,Page,,wiki_page,GET,2033-02-26 04:12:37.444000+00:00,SoftwareApplication,Session,wikiPage,wikiPage,,882ad46e31786c8e7f3acb6d7657bfc6,3.4 Organizational structure & governance,LEARNER_3
4260,NavigationEvent,navigatedto,2033-02-26 03:54:58.329000+00:00,0027bcfe4f55d2bb48ff97a6b0cc7e04,"[""Learner""]",Membership,03e624a67ba68e5550cdc783cba2bb35,NavigationEvent,Person,NavigatedTo,Thread,,discussion_topic,GET,2033-02-26 03:54:58.329000+00:00,SoftwareApplication,Session,discussion,discussion,,74d57e9d2bfa697878ac88bca9170c78,Discussion 6: Organization & support,LEARNER_3
4301,NavigationEvent,navigatedto,2033-02-26 13:45:25.303000+00:00,0027bcfe4f55d2bb48ff97a6b0cc7e04,"[""Learner""]",Membership,8bfed10800c13090a5eff7363183395f,NavigationEvent,Person,NavigatedTo,Thread,,discussion_topic,GET,2033-02-26 13:45:25.303000+00:00,SoftwareApplication,Session,discussion,discussion,,4a5f8d361306c7c9c0ea2c6edd2058f8,Discussion 8: Critical reflection on some institutional strategic plans,LEARNER_3
4303,NavigationEvent,navigatedto,2033-02-26 08:14:46.095000+00:00,0027bcfe4f55d2bb48ff97a6b0cc7e04,"[""Learner""]",Membership,3dbd2d98b4dff68c3bb939ec090a1040,NavigationEvent,Person,NavigatedTo,Thread,,discussion_topic,GET,2033-02-26 08:14:46.095000+00:00,SoftwareApplication,Session,discussion,discussion,,4a5f8d361306c7c9c0ea2c6edd2058f8,Discussion 8: Critical reflection on some institutional strategic plans,LEARNER_3
4304,NavigationEvent,navigatedto,2033-02-26 08:14:27.059000+00:00,0027bcfe4f55d2bb48ff97a6b0cc7e04,"[""Learner""]",Membership,9ee75fe7db59195cfb169891d0413c95,NavigationEvent,Person,NavigatedTo,Thread,,discussion_topic,GET,2033-02-26 08:14:27.059000+00:00,SoftwareApplication,Session,discussion,discussion,,4a5f8d361306c7c9c0ea2c6edd2058f8,Discussion 8: Critical reflection on some institutional strategic plans,LEARNER_3
4305,NavigationEvent,navigatedto,2033-02-26 08:17:55.967000+00:00,0027bcfe4f55d2bb48ff97a6b0cc7e04,"[""Learner""]",Membership,c4547b3a78de78c5d39fd72d10c3c6f7,NavigationEvent,Person,NavigatedTo,Thread,,discussion_topic,GET,2033-02-26 08:17:55.967000+00:00,SoftwareApplication,Session,discussion,discussion,,4a5f8d361306c7c9c0ea2c6edd2058f8,Discussion 8: Critical reflection on some institutional strategic plans,LEARNER_3
4317,NavigationEvent,navigatedto,2033-02-26 11:26:55.218000+00:00,0027bcfe4f55d2bb48ff97a6b0cc7e04,"[""Learner""]",Membership,1143d3de799466ab43cff47a7a85de1e,NavigationEvent,Person,NavigatedTo,Page,,wiki_page,GET,2033-02-26 11:26:55.218000+00:00,SoftwareApplication,Session,wikiPage,wikiPage,,a82dbc0d103f6504ab0f2813d9074ad1,4.5 The ROMA framework: A model for supporting strategic planning in complex contexts,LEARNER_3
4319,NavigationEvent,navigatedto,2033-02-26 07:53:37.757000+00:00,0027bcfe4f55d2bb48ff97a6b0cc7e04,"[""Learner""]",Membership,c60f1b7b6750f9807a46637abb2bd667,NavigationEvent,Person,NavigatedTo,Page,,wiki_page,GET,2033-02-26 07:53:37.757000+00:00,SoftwareApplication,Session,wikiPage,wikiPage,,a82dbc0d103f6504ab0f2813d9074ad1,4.5 The ROMA framework: A model for supporting strategic planning in complex contexts,LEARNER_3
4326,NavigationEvent,navigatedto,2033-02-26 11:26:55.996000+00:00,0027bcfe4f55d2bb48ff97a6b0cc7e04,"[""Learner""]",Membership,430a098b4308ec63902a17e3ef60b647,NavigationEvent,Person,NavigatedTo,Entity,attachment,attachment,GET,2033-02-26 11:26:55.996000+00:00,SoftwareApplication,Session,attachment,attachment,png,2b51194cc04176e46fa9920ea72ce989,image026.png,LEARNER_3
4328,NavigationEvent,navigatedto,2033-02-26 07:53:38.515000+00:00,0027bcfe4f55d2bb48ff97a6b0cc7e04,"[""Learner""]",Membership,29994c81f93f11431814e470cf2c642e,NavigationEvent,Person,NavigatedTo,Entity,attachment,attachment,GET,2033-02-26 07:53:38.515000+00:00,SoftwareApplication,Session,attachment,attachment,png,2b51194cc04176e46fa9920ea72ce989,image026.png,LEARNER_3
4405,NavigationEvent,navigatedto,2033-02-26 04:03:57.407000+00:00,0027bcfe4f55d2bb48ff97a6b0cc7e04,"[""Learner""]",Membership,fb3d99666597606f3db351919bb8a125,NavigationEvent,Person,NavigatedTo,Entity,attachment,attachment,GET,2033-02-26 04:03:57.407000+00:00,SoftwareApplication,Session,attachment,attachment,png,f7637e9b1dc8c7aeb471358c752a5508,image017.png,LEARNER_3
4447,NavigationEvent,navigatedto,2033-02-26 04:12:40.671000+00:00,0027bcfe4f55d2bb48ff97a6b0cc7e04,"[""Learner""]",Membership,f4e56b7f77adb345546b5469b0e6b333,NavigationEvent,Person,NavigatedTo,Entity,attachment,attachment,GET,2033-02-26 04:12:40.671000+00:00,SoftwareApplication,Session,attachment,attachment,png,f7637e9b1dc8c7aeb471358c752a5508,image017.png,LEARNER_3
4511,NavigationEvent,navigatedto,2033-02-26 04:12:32.268000+00:00,0027bcfe4f55d2bb48ff97a6b0cc7e04,"[""Learner""]",Membership,1c358ed3dbf94a5e9e4681d246342887,NavigationEvent,Person,NavigatedTo,Page,,wiki_page,GET,2033-02-26 04:12:32.268000+00:00,SoftwareApplication,Session,wikiPage,wikiPage,,5f8157d7acd8e1588dea250fc794fa61,3.6 Institutional examples,LEARNER_3
4525,NavigationEvent,navigatedto,2033-02-25 05:04:52.262000+00:00,0027bcfe4f55d2bb48ff97a6b0cc7e04,"[""Learner""]",Membership,f00da1e8431bc4f193bfd8d80c7f8bba,NavigationEvent,Person,NavigatedTo,Thread,,discussion_topic,GET,2033-02-25 05:04:52.262000+00:00,SoftwareApplication,Session,discussion,discussion,,a475fae949c627a4125abbfcf0faeaa8,Casual Area,LEARNER_3
4526,NavigationEvent,navigatedto,2033-02-25 05:04:52.642000+00:00,0027bcfe4f55d2bb48ff97a6b0cc7e04,"[""Learner""]",Membership,d6c1711b3d53914b15cff9beb1a29532,NavigationEvent,Person,NavigatedTo,Thread,,discussion_topic,GET,2033-02-25 05:04:52.642000+00:00,SoftwareApplication,Session,discussion,discussion,,a475fae949c627a4125abbfcf0faeaa8,Casual Area,LEARNER_3
4538,NavigationEvent,navigatedto,2033-02-26 13:45:21.764000+00:00,0027bcfe4f55d2bb48ff97a6b0cc7e04,"[""Learner""]",Membership,f35d2173242171079fbf34669ea30061,NavigationEvent,Person,NavigatedTo,Page,,wiki_page,GET,2033-02-26 13:45:21.764000+00:00,SoftwareApplication,Session,wikiPage,wikiPage,,9750b8c484a72b267a1c199395afcf9c,4.7 Canadian case study 2: An eLearning strategy for SAIT,LEARNER_3
4541,NavigationEvent,navigatedto,2033-02-26 08:16:23.677000+00:00,0027bcfe4f55d2bb48ff97a6b0cc7e04,"[""Learner""]",Membership,4056a917660a3d825208dfa7a155b809,NavigationEvent,Person,NavigatedTo,Page,,wiki_page,GET,2033-02-26 08:16:23.677000+00:00,SoftwareApplication,Session,wikiPage,wikiPage,,9750b8c484a72b267a1c199395afcf9c,4.7 Canadian case study 2: An eLearning strategy for SAIT,LEARNER_3
4542,NavigationEvent,navigatedto,2033-02-26 08:10:11.810000+00:00,0027bcfe4f55d2bb48ff97a6b0cc7e04,"[""Learner""]",Membership,dabce658dc9c5b8f5d966a0fe13d8d19,NavigationEvent,Person,NavigatedTo,Page,,wiki_page,GET,2033-02-26 08:10:11.810000+00:00,SoftwareApplication,Session,wikiPage,wikiPage,,9750b8c484a72b267a1c199395afcf9c,4.7 Canadian case study 2: An eLearning strategy for SAIT,LEARNER_3
4543,NavigationEvent,navigatedto,2033-02-26 08:17:59.779000+00:00,0027bcfe4f55d2bb48ff97a6b0cc7e04,"[""Learner""]",Membership,88f38be567c6ec394c3dd514cadf32da,NavigationEvent,Person,NavigatedTo,Page,,wiki_page,GET,2033-02-26 08:17:59.779000+00:00,SoftwareApplication,Session,wikiPage,wikiPage,,9750b8c484a72b267a1c199395afcf9c,4.7 Canadian case study 2: An eLearning strategy for SAIT,LEARNER_3
4582,NavigationEvent,navigatedto,2033-02-26 04:03:53.311000+00:00,0027bcfe4f55d2bb48ff97a6b0cc7e04,"[""Learner""]",Membership,9ec94cfda20862343a7a6fef2d293ed2,NavigationEvent,Person,NavigatedTo,Page,,wiki_page,GET,2033-02-26 04:03:53.311000+00:00,SoftwareApplication,Session,wikiPage,wikiPage,,8c4e2040291ef07e32311d2a316d0495,3.2 Readings & resources,LEARNER_3
4586,NavigationEvent,navigatedto,2033-02-26 04:12:42.496000+00:00,0027bcfe4f55d2bb48ff97a6b0cc7e04,"[""Learner""]",Membership,8c5d74891671d1d4e87f8e96701e49c5,NavigationEvent,Person,NavigatedTo,Page,,wiki_page,GET,2033-02-26 04:12:42.496000+00:00,SoftwareApplication,Session,wikiPage,wikiPage,,8c4e2040291ef07e32311d2a316d0495,3.2 Readings & resources,LEARNER_3
4621,NavigationEvent,navigatedto,2033-02-26 06:45:03.368000+00:00,0027bcfe4f55d2bb48ff97a6b0cc7e04,"[""Learner""]",Membership,0bd8332a8cc1b73d4c2a55ba4f9df57b,NavigationEvent,Person,NavigatedTo,Page,,wiki_page,GET,2033-02-26 06:45:03.368000+00:00,SoftwareApplication,Session,wikiPage,wikiPage,,972196dd128aeb62a66f5c02b897e7dd,[wikipage] Assignment 2 Group sign up,LEARNER_3
4622,NavigationEvent,navigatedto,2033-02-25 07:43:58.707000+00:00,0027bcfe4f55d2bb48ff97a6b0cc7e04,"[""Learner""]",Membership,5e3f16555c97c61adfe8c5fbadf68850,NavigationEvent,Person,NavigatedTo,Page,,wiki_page,GET,2033-02-25 07:43:58.707000+00:00,SoftwareApplication,Session,wikiPage,wikiPage,,972196dd128aeb62a66f5c02b897e7dd,[wikipage] Assignment 2 Group sign up,LEARNER_3
4626,NavigationEvent,navigatedto,2033-02-26 07:34:25.541000+00:00,0027bcfe4f55d2bb48ff97a6b0cc7e04,"[""Learner""]",Membership,c92d51086e95bd8dd1e95ee3fe609607,NavigationEvent,Person,NavigatedTo,Page,,wiki_page,GET,2033-02-26 07:34:25.541000+00:00,SoftwareApplication,Session,wikiPage,wikiPage,,972196dd128aeb62a66f5c02b897e7dd,[wikipage] Assignment 2 Group sign up,LEARNER_3
4627,NavigationEvent,navigatedto,2033-02-25 05:10:18.711000+00:00,0027bcfe4f55d2bb48ff97a6b0cc7e04,"[""Learner""]",Membership,bf735e079adf448ed170f7b72efd87cc,NavigationEvent,Person,NavigatedTo,Page,,wiki_page,GET,2033-02-25 05:10:18.711000+00:00,SoftwareApplication,Session,wikiPage,wikiPage,,972196dd128aeb62a66f5c02b897e7dd,[wikipage] Assignment 2 Group sign up,LEARNER_3
4643,NavigationEvent,navigatedto,2033-02-26 13:45:18.061000+00:00,0027bcfe4f55d2bb48ff97a6b0cc7e04,"[""Learner""]",Membership,c0f547f633b149e3b9521ff89cea4ea9,NavigationEvent,Person,NavigatedTo,Page,,wiki_page,GET,2033-02-26 13:45:18.061000+00:00,SoftwareApplication,Session,wikiPage,wikiPage,,73243377f95d65ba892c4e18f619ef87,4.6 Canadian case study 1: An eLearning strategy for BCIT,LEARNER_3
4646,NavigationEvent,navigatedto,2033-02-26 08:06:50.432000+00:00,0027bcfe4f55d2bb48ff97a6b0cc7e04,"[""Learner""]",Membership,146ee852ebcc889f931ed17e5b0b8a89,NavigationEvent,Person,NavigatedTo,Page,,wiki_page,GET,2033-02-26 08:06:50.432000+00:00,SoftwareApplication,Session,wikiPage,wikiPage,,73243377f95d65ba892c4e18f619ef87,4.6 Canadian case study 1: An eLearning strategy for BCIT,LEARNER_3
4647,NavigationEvent,navigatedto,2033-02-26 08:16:15.743000+00:00,0027bcfe4f55d2bb48ff97a6b0cc7e04,"[""Learner""]",Membership,058e279b3e19cad24a2fedbb6d642d86,NavigationEvent,Person,NavigatedTo,Page,,wiki_page,GET,2033-02-26 08:16:15.743000+00:00,SoftwareApplication,Session,wikiPage,wikiPage,,73243377f95d65ba892c4e18f619ef87,4.6 Canadian case study 1: An eLearning strategy for BCIT,LEARNER_3
4648,NavigationEvent,navigatedto,2033-02-26 08:18:03.381000+00:00,0027bcfe4f55d2bb48ff97a6b0cc7e04,"[""Learner""]",Membership,a870e79117b54a11c665726f591be6f6,NavigationEvent,Person,NavigatedTo,Page,,wiki_page,GET,2033-02-26 08:18:03.381000+00:00,SoftwareApplication,Session,wikiPage,wikiPage,,73243377f95d65ba892c4e18f619ef87,4.6 Canadian case study 1: An eLearning strategy for BCIT,LEARNER_3
4649,NavigationEvent,navigatedto,2033-02-26 04:03:56.819000+00:00,0027bcfe4f55d2bb48ff97a6b0cc7e04,"[""Learner""]",Membership,214b617e522ef0474ffbbde1a8bfe3bd,NavigationEvent,Person,NavigatedTo,Page,,wiki_page,GET,2033-02-26 04:03:56.819000+00:00,SoftwareApplication,Session,wikiPage,wikiPage,,29c702297740d5d7b5ee3e5ae388da70,3.3 Stages of eLearning integration,LEARNER_3
4656,NavigationEvent,navigatedto,2033-02-26 04:12:39.928000+00:00,0027bcfe4f55d2bb48ff97a6b0cc7e04,"[""Learner""]",Membership,efc573fb3a7f7bd999181932b2e7b4d2,NavigationEvent,Person,NavigatedTo,Page,,wiki_page,GET,2033-02-26 04:12:39.928000+00:00,SoftwareApplication,Session,wikiPage,wikiPage,,29c702297740d5d7b5ee3e5ae388da70,3.3 Stages of eLearning integration,LEARNER_3
4711,NavigationEvent,navigatedto,2033-02-26 08:14:40.583000+00:00,0027bcfe4f55d2bb48ff97a6b0cc7e04,"[""Learner""]",Membership,769d21f57ab6df0debb5e7209a8c9423,NavigationEvent,Person,NavigatedTo,Page,,wiki_page,GET,2033-02-26 08:14:40.583000+00:00,SoftwareApplication,Session,wikiPage,wikiPage,,45cc70325dcdf711df5b4ec891cd2c93,4.8 Module 4 conclusion,LEARNER_3
4739,NavigationEvent,navigatedto,2033-02-26 04:03:28.129000+00:00,0027bcfe4f55d2bb48ff97a6b0cc7e04,"[""Learner""]",Membership,229bc20973f94d690702e95c92c18c19,NavigationEvent,Person,NavigatedTo,Page,,wiki_page,GET,2033-02-26 04:03:28.129000+00:00,SoftwareApplication,Session,wikiPage,wikiPage,,5f2f6ff53a32ac52dd6b215c72eb6ccf,3.1 Overview,LEARNER_3
4746,NavigationEvent,navigatedto,2033-02-26 04:12:45.753000+00:00,0027bcfe4f55d2bb48ff97a6b0cc7e04,"[""Learner""]",Membership,ca12ab42e47618c0e57c4c4bb630c10d,NavigationEvent,Person,NavigatedTo,Page,,wiki_page,GET,2033-02-26 04:12:45.753000+00:00,SoftwareApplication,Session,wikiPage,wikiPage,,5f2f6ff53a32ac52dd6b215c72eb6ccf,3.1 Overview,LEARNER_3
4881,NavigationEvent,navigatedto,2033-02-26 08:06:04.033000+00:00,0027bcfe4f55d2bb48ff97a6b0cc7e04,"[""Learner""]",Membership,7b7a051e4df59560d6cca86d32ac02e5,NavigationEvent,Person,NavigatedTo,Thread,,discussion_topic,GET,2033-02-26 08:06:04.033000+00:00,SoftwareApplication,Session,discussion,discussion,,0083641e2e8cf92a45d209350b12f797,Discussion 7: eLearning planning at your institution?,LEARNER_3
4882,NavigationEvent,navigatedto,2033-02-26 09:28:26.811000+00:00,0027bcfe4f55d2bb48ff97a6b0cc7e04,"[""Learner""]",Membership,9518b605f833ba2027f576ca41eec286,NavigationEvent,Person,NavigatedTo,Thread,,discussion_topic,GET,2033-02-26 09:28:26.811000+00:00,SoftwareApplication,Session,discussion,discussion,,0083641e2e8cf92a45d209350b12f797,Discussion 7: eLearning planning at your institution?,LEARNER_3
4883,NavigationEvent,navigatedto,2033-02-26 09:28:07.497000+00:00,0027bcfe4f55d2bb48ff97a6b0cc7e04,"[""Learner""]",Membership,e7da07b0a34517c4722980472e983ecb,NavigationEvent,Person,NavigatedTo,Thread,,discussion_topic,GET,2033-02-26 09:28:07.497000+00:00,SoftwareApplication,Session,discussion,discussion,,0083641e2e8cf92a45d209350b12f797,Discussion 7: eLearning planning at your institution?,LEARNER_3
4890,NavigationEvent,navigatedto,2033-02-26 08:22:03.350000+00:00,0027bcfe4f55d2bb48ff97a6b0cc7e04,"[""Learner""]",Membership,fe227066d5287cc07aed0fa729be7d23,NavigationEvent,Person,NavigatedTo,Thread,,discussion_topic,GET,2033-02-26 08:22:03.350000+00:00,SoftwareApplication,Session,discussion,discussion,,0083641e2e8cf92a45d209350b12f797,Discussion 7: eLearning planning at your institution?,LEARNER_3
4957,NavigationEvent,navigatedto,2033-02-25 05:11:45.804000+00:00,0027bcfe4f55d2bb48ff97a6b0cc7e04,"[""Learner""]",Membership,f9daea5729cccd1580c9a4f4cbbcdb52,NavigationEvent,Person,NavigatedTo,Thread,,discussion_topic,GET,2033-02-25 05:11:45.804000+00:00,SoftwareApplication,Session,discussion,discussion,,e1f90c16c123e0f96b2af7d94a1c335c,Introduce yourself,LEARNER_3
4985,NavigationEvent,navigatedto,2033-02-26 13:45:19.034000+00:00,0027bcfe4f55d2bb48ff97a6b0cc7e04,"[""Learner""]",Membership,02f572be7f15212849b868a500af1c9f,NavigationEvent,Person,NavigatedTo,Entity,attachment,attachment,GET,2033-02-26 13:45:19.034000+00:00,SoftwareApplication,Session,attachment,attachment,jpg,e8210024c6225f2fb46f2fafc5683e42,image001.jpg,LEARNER_3
4988,NavigationEvent,navigatedto,2033-02-26 08:06:51.330000+00:00,0027bcfe4f55d2bb48ff97a6b0cc7e04,"[""Learner""]",Membership,af6c3162f563555952ef9c6e85da6a8a,NavigationEvent,Person,NavigatedTo,Entity,attachment,attachment,GET,2033-02-26 08:06:51.330000+00:00,SoftwareApplication,Session,attachment,attachment,jpg,e8210024c6225f2fb46f2fafc5683e42,image001.jpg,LEARNER_3
4989,NavigationEvent,navigatedto,2033-02-26 08:16:16.466000+00:00,0027bcfe4f55d2bb48ff97a6b0cc7e04,"[""Learner""]",Membership,76282d06be7fbdd62ed46d13d7dcfce3,NavigationEvent,Person,NavigatedTo,Entity,attachment,attachment,GET,2033-02-26 08:16:16.466000+00:00,SoftwareApplication,Session,attachment,attachment,jpg,e8210024c6225f2fb46f2fafc5683e42,image001.jpg,LEARNER_3
4990,NavigationEvent,navigatedto,2033-02-26 08:18:03.943000+00:00,0027bcfe4f55d2bb48ff97a6b0cc7e04,"[""Learner""]",Membership,28008c5b956cd019a6f1c0bdb966c734,NavigationEvent,Person,NavigatedTo,Entity,attachment,attachment,GET,2033-02-26 08:18:03.943000+00:00,SoftwareApplication,Session,attachment,attachment,jpg,e8210024c6225f2fb46f2fafc5683e42,image001.jpg,LEARNER_3
4999,NavigationEvent,navigatedto,2033-02-26 13:45:22.469000+00:00,0027bcfe4f55d2bb48ff97a6b0cc7e04,"[""Learner""]",Membership,586209a0bd172e7c466183f7ab82671a,NavigationEvent,Person,NavigatedTo,Entity,attachment,attachment,GET,2033-02-26 13:45:22.469000+00:00,SoftwareApplication,Session,attachment,attachment,jpg,e62fb1cf14d22a436cc48019d4d237a1,image003.jpg,LEARNER_3
5002,NavigationEvent,navigatedto,2033-02-26 08:16:24.257000+00:00,0027bcfe4f55d2bb48ff97a6b0cc7e04,"[""Learner""]",Membership,4a32ff009781b91e5a017ac89202f409,NavigationEvent,Person,NavigatedTo,Entity,attachment,attachment,GET,2033-02-26 08:16:24.257000+00:00,SoftwareApplication,Session,attachment,attachment,jpg,e62fb1cf14d22a436cc48019d4d237a1,image003.jpg,LEARNER_3
5003,NavigationEvent,navigatedto,2033-02-26 08:10:12.653000+00:00,0027bcfe4f55d2bb48ff97a6b0cc7e04,"[""Learner""]",Membership,9fe6b545e51da722f788ce232152bdd7,NavigationEvent,Person,NavigatedTo,Entity,attachment,attachment,GET,2033-02-26 08:10:12.653000+00:00,SoftwareApplication,Session,attachment,attachment,jpg,e62fb1cf14d22a436cc48019d4d237a1,image003.jpg,LEARNER_3
5004,NavigationEvent,navigatedto,2033-02-26 08:18:00.416000+00:00,0027bcfe4f55d2bb48ff97a6b0cc7e04,"[""Learner""]",Membership,068e750a060c34b77751f61117587fd8,NavigationEvent,Person,NavigatedTo,Entity,attachment,attachment,GET,2033-02-26 08:18:00.416000+00:00,SoftwareApplication,Session,attachment,attachment,jpg,e62fb1cf14d22a436cc48019d4d237a1,image003.jpg,LEARNER_3
5006,NavigationEvent,navigatedto,2033-02-26 08:09:57.646000+00:00,0027bcfe4f55d2bb48ff97a6b0cc7e04,"[""Learner""]",Membership,9f123d4acd4fe11d1032562538c8bee3,NavigationEvent,Person,NavigatedTo,Entity,attachment,attachment,GET,2033-02-26 08:09:57.646000+00:00,SoftwareApplication,Session,attachment,attachment,pdf,a2bba53e41eab08823a8e2ba2a6955ef,file002.pdf,LEARNER_3
47731,NavigationEvent,navigatedto,2033-02-15 15:46:16.965000+00:00,00534517fe78a372223d87fb1963cb74,"[""Learner""]",Membership,f85d2dc70268e34b8150432f44ef20db,NavigationEvent,Person,NavigatedTo,Entity,attachment,attachment,GET,2033-02-15 15:46:16.965000+00:00,SoftwareApplication,Session,attachment,attachment,png,aa6bffb0a91e4f737a943dfddad70a7b,image006.png,LEARNER_28
47732,NavigationEvent,navigatedto,2033-02-15 15:43:48.793000+00:00,00534517fe78a372223d87fb1963cb74,"[""Learner""]",Membership,30e0185470c6d5890c7be2e9b187cc14,NavigationEvent,Person,NavigatedTo,Entity,attachment,attachment,GET,2033-02-15 15:43:48.793000+00:00,SoftwareApplication,Session,attachment,attachment,png,aa6bffb0a91e4f737a943dfddad70a7b,image006.png,LEARNER_28
47733,NavigationEvent,navigatedto,2033-02-15 15:45:31.243000+00:00,00534517fe78a372223d87fb1963cb74,"[""Learner""]",Membership,02b78561dccf17ba3fa74da1f08ed8d8,NavigationEvent,Person,NavigatedTo,Entity,attachment,attachment,GET,2033-02-15 15:45:31.243000+00:00,SoftwareApplication,Session,attachment,attachment,png,aa6bffb0a91e4f737a943dfddad70a7b,image006.png,LEARNER_28
47756,NavigationEvent,navigatedto,2033-02-15 15:43:47.134000+00:00,00534517fe78a372223d87fb1963cb74,"[""Learner""]",Membership,193ee9e3e2028cef5963b70dc8d0d194,NavigationEvent,Person,NavigatedTo,Thread,,discussion_topic,GET,2033-02-15 15:43:47.134000+00:00,SoftwareApplication,Session,discussion,discussion,,bb62cd396b9a8a94ecef6b5d1c4f8ad1,Discussion 3: Funding issues,LEARNER_28
47774,NavigationEvent,navigatedto,2033-02-15 15:43:31.478000+00:00,00534517fe78a372223d87fb1963cb74,"[""Learner""]",Membership,b81f7d728741b09689699871ee94d9e3,NavigationEvent,Person,NavigatedTo,Entity,attachment,attachment,GET,2033-02-15 15:43:31.478000+00:00,SoftwareApplication,Session,attachment,attachment,jpg,071ad0d80cbc232cf74b72681bc77abf,image004.jpg,LEARNER_28
47931,NavigationEvent,navigatedto,2033-02-15 15:46:15.566000+00:00,00534517fe78a372223d87fb1963cb74,"[""Learner""]",Membership,8f1bf186c0754726c89f52d9ba845fe5,NavigationEvent,Person,NavigatedTo,Thread,,discussion_topic,GET,2033-02-15 15:46:15.566000+00:00,SoftwareApplication,Session,discussion,discussion,,1b4199b940079ccb8dc5f404b9324e43,Discussion 5: Learner readiness for eLearning in the new era,LEARNER_28
47936,NavigationEvent,navigatedto,2033-02-15 15:46:16.948000+00:00,00534517fe78a372223d87fb1963cb74,"[""Learner""]",Membership,dd2b7b6180ffeec3c6e9b58c580f74f0,NavigationEvent,Person,NavigatedTo,Entity,attachment,attachment,GET,2033-02-15 15:46:16.948000+00:00,SoftwareApplication,Session,attachment,attachment,png,7d68df039b8c7c649c9fa1780182e3eb,image028.png,LEARNER_28
47937,NavigationEvent,navigatedto,2033-02-15 15:45:31.247000+00:00,00534517fe78a372223d87fb1963cb74,"[""Learner""]",Membership,17e5115a97f595dfe383c024d0ed8afe,NavigationEvent,Person,NavigatedTo,Entity,attachment,attachment,GET,2033-02-15 15:45:31.247000+00:00,SoftwareApplication,Session,attachment,attachment,png,7d68df039b8c7c649c9fa1780182e3eb,image028.png,LEARNER_28
47949,NavigationEvent,navigatedto,2033-02-15 15:46:16.962000+00:00,00534517fe78a372223d87fb1963cb74,"[""Learner""]",Membership,bff3f629572abf4ff24740e10f3ee2d0,NavigationEvent,Person,NavigatedTo,Entity,attachment,attachment,GET,2033-02-15 15:46:16.962000+00:00,SoftwareApplication,Session,attachment,attachment,png,948d61de4855316ddbd9c9ac4eb635c0,image015.png,LEARNER_28
48177,NavigationEvent,navigatedto,2033-02-15 15:45:29.603000+00:00,00534517fe78a372223d87fb1963cb74,"[""Learner""]",Membership,394d2da40b8ec93c87c50592a937d3c9,NavigationEvent,Person,NavigatedTo,Thread,,discussion_topic,GET,2033-02-15 15:45:29.603000+00:00,SoftwareApplication,Session,discussion,discussion,,38da9c46ca05b04b0b0335af760c3bdd,Discussion 4: Examples of faculty development for eLearning readiness,LEARNER_28
7903,NavigationEvent,navigatedto,2033-03-20 11:02:46.857000+00:00,00666cabe4ff3b0de198f84f31bce241,"[""Learner""]",Membership,289d7b93a768d7399b513314390ef8fc,NavigationEvent,Person,NavigatedTo,Thread,,discussion_topic,GET,2033-03-20 11:02:46.857000+00:00,SoftwareApplication,Session,discussion,discussion,,9ef7d7e62a0117e6fca291f4ce0a00c2,Discussion 9: Aligning institutional plans with government policies,LEARNER_5
7904,NavigationEvent,navigatedto,2033-03-20 11:02:46.856000+00:00,00666cabe4ff3b0de198f84f31bce241,"[""Learner""]",Membership,777c5e63b5a9a0f7fd44cb70ad6d9ab9,NavigationEvent,Person,NavigatedTo,Thread,,discussion_topic,GET,2033-03-20 11:02:46.856000+00:00,SoftwareApplication,Session,discussion,discussion,,9ef7d7e62a0117e6fca291f4ce0a00c2,Discussion 9: Aligning institutional plans with government policies,LEARNER_5
7905,NavigationEvent,navigatedto,2033-03-20 11:02:46.879000+00:00,00666cabe4ff3b0de198f84f31bce241,"[""Learner""]",Membership,f2fe57fe00f16f92f3f34288d9b9b9c7,NavigationEvent,Person,NavigatedTo,Thread,,discussion_topic,GET,2033-03-20 11:02:46.879000+00:00,SoftwareApplication,Session,discussion,discussion,,9ef7d7e62a0117e6fca291f4ce0a00c2,Discussion 9: Aligning institutional plans with government policies,LEARNER_5
7906,NavigationEvent,navigatedto,2033-03-20 11:02:46.875000+00:00,00666cabe4ff3b0de198f84f31bce241,"[""Learner""]",Membership,9d894a4cd27d9d11d720ef437ad5409f,NavigationEvent,Person,NavigatedTo,Thread,,discussion_topic,GET,2033-03-20 11:02:46.875000+00:00,SoftwareApplication,Session,discussion,discussion,,9ef7d7e62a0117e6fca291f4ce0a00c2,Discussion 9: Aligning institutional plans with government policies,LEARNER_5
26050,NavigationEvent,navigatedto,2033-02-06 16:04:07.970000+00:00,007d0a4a0d6edab28250b3b344fa8dbd,"[""Learner""]",Membership,0b1732904346a76aa2877fe76dbfedfd,NavigationEvent,Person,NavigatedTo,Thread,,discussion_topic,GET,2033-02-06 16:04:07.970000+00:00,SoftwareApplication,Session,discussion,discussion,,bb62cd396b9a8a94ecef6b5d1c4f8ad1,Discussion 3: Funding issues,LEARNER_14
26051,NavigationEvent,navigatedto,2033-02-06 16:04:08.001000+00:00,007d0a4a0d6edab28250b3b344fa8dbd,"[""Learner""]",Membership,e1568c636e53429c4df3e09ea3b95ef8,NavigationEvent,Person,NavigatedTo,Thread,,discussion_topic,GET,2033-02-06 16:04:08.001000+00:00,SoftwareApplication,Session,discussion,discussion,,bb62cd396b9a8a94ecef6b5d1c4f8ad1,Discussion 3: Funding issues,LEARNER_14
26805,NavigationEvent,navigatedto,2033-02-06 16:05:39.359000+00:00,007d0a4a0d6edab28250b3b344fa8dbd,"[""Learner""]",Membership,81621c2e57f7693edfaf65427ca2efd3,NavigationEvent,Person,NavigatedTo,Thread,,discussion_topic,GET,2033-02-06 16:05:39.359000+00:00,SoftwareApplication,Session,discussion,discussion,,7c9e39571ad00fe24282e5b5366d7563,Discussion 2: Reflect on rationales for eLearning,LEARNER_14
26806,NavigationEvent,navigatedto,2033-02-06 16:05:39.321000+00:00,007d0a4a0d6edab28250b3b344fa8dbd,"[""Learner""]",Membership,4d5a7ec652241e8f751e9c8ab7c497a0,NavigationEvent,Person,NavigatedTo,Thread,,discussion_topic,GET,2033-02-06 16:05:39.321000+00:00,SoftwareApplication,Session,discussion,discussion,,7c9e39571ad00fe24282e5b5366d7563,Discussion 2: Reflect on rationales for eLearning,LEARNER_14
26935,NavigationEvent,navigatedto,2033-02-06 16:06:49.624000+00:00,007d0a4a0d6edab28250b3b344fa8dbd,"[""Learner""]",Membership,6ff4e2d85dc423fb1d4b9538a70c020c,NavigationEvent,Person,NavigatedTo,Thread,,discussion_topic,GET,2033-02-06 16:06:49.624000+00:00,SoftwareApplication,Session,discussion,discussion,,a475fae949c627a4125abbfcf0faeaa8,Casual Area,LEARNER_14
26936,NavigationEvent,navigatedto,2033-02-06 16:06:49.611000+00:00,007d0a4a0d6edab28250b3b344fa8dbd,"[""Learner""]",Membership,60ce2cddf173e77e531236fdfee318b0,NavigationEvent,Person,NavigatedTo,Thread,,discussion_topic,GET,2033-02-06 16:06:49.611000+00:00,SoftwareApplication,Session,discussion,discussion,,a475fae949c627a4125abbfcf0faeaa8,Casual Area,LEARNER_14